﻿<?xml version="1.0" encoding="utf-8"?>
<premis:premis xmlns:premis="http://www.loc.gov/premis/v3" xmlns:xsi="http://www.w3.org/2001/XMLSchema-instance" xsi:schemaLocation="http://www.loc.gov/premis/v3 http://www.loc.gov/standards/premis/v3/premis.xsd" version="3.0">
  <premis:rights>
    <premis:rightsStatement>
      <premis:rightsStatementIdentifier>
        <premis:rightsStatementIdentifierType>UUID</premis:rightsStatementIdentifierType>
        <premis:rightsStatementIdentifierValue>0301dc6e-351d-11ee-be56-0242ac120002</premis:rightsStatementIdentifierValue>
      </premis:rightsStatementIdentifier>
      <premis:rightsBasis>license</premis:rightsBasis>
      <premis:licenseInformation>
        <premis:licenseDocumentationIdentifier>
          <premis:licenseDocumentationIdentifierType>URL</premis:licenseDocumentationIdentifierType>
          <premis:licenseDocumentationIdentifierValue>documentation/licenses/prostep-ivip-MR-LICENSE-2019.pdf</premis:licenseDocumentationIdentifierValue>
          <premis:licenseDocumentationRole>collaborator usage</premis:licenseDocumentationRole>
        </premis:licenseDocumentationIdentifier>
        <premis:licenseTerms>Apache v2.0, January 2004</premis:licenseTerms>
        <premis:licenseNote>License notes</premis:licenseNote>
        <premis:licenseApplicableDates>perpetual</premis:licenseApplicableDates>
      </premis:licenseInformation>
    </premis:rightsStatement>
    <premis:rightsStatement>
      <premis:rightsStatementIdentifier>
        <premis:rightsStatementIdentifierType>UUID</premis:rightsStatementIdentifierType>
        <premis:rightsStatementIdentifierValue>0301de76-351d-11ee-be56-0242ac120002</premis:rightsStatementIdentifierValue>
      </premis:rightsStatementIdentifier>
      <premis:rightsBasis>copyright</premis:rightsBasis>
      <premis:copyrightInformation>
        <premis:copyrightStatus>copyrighted</premis:copyrightStatus>
        <premis:copyrightJurisdiction>US</premis:copyrightJurisdiction>
        <premis:copyrightStatusDeterminationDate>20230809</premis:copyrightStatusDeterminationDate>
        <premis:copyrightNote />
        <premis:copyrightDocumentationIdentifier>
          <premis:copyrightDocumentationIdentifierType>url</premis:copyrightDocumentationIdentifierType>
          <premis:copyrightDocumentationIdentifierValue>documentation/licenses/prostep-ivip-MR-LICENSE-2019.pdf</premis:copyrightDocumentationIdentifierValue>
          <premis:copyrightDocumentationRole />
        </premis:copyrightDocumentationIdentifier>
        <premis:copyrightApplicableDates>
          <premis:startDate>2012-08-15T00:00:00</premis:startDate>
          <premis:endDate>2052-08-14T00:00:00</premis:endDate>
        </premis:copyrightApplicableDates>
      </premis:copyrightInformation>
    </premis:rightsStatement>
    <premis:rightsStatement>
      <premis:rightsStatementIdentifier>
        <premis:rightsStatementIdentifierType>UUID</premis:rightsStatementIdentifierType>
        <premis:rightsStatementIdentifierValue>0301e010-351d-11ee-be56-0242ac120002</premis:rightsStatementIdentifierValue>
      </premis:rightsStatementIdentifier>
      <premis:rightsBasis>statute</premis:rightsBasis>
      <premis:statuteInformation>
        <premis:statuteJurisdiction>FR</premis:statuteJurisdiction>
        <premis:statuteCitation>EAR</premis:statuteCitation>
        <premis:statuteInformationDeterminationDate>20080814</premis:statuteInformationDeterminationDate>
        <premis:statuteNote>French export restriction for defense technology</premis:statuteNote>
        <premis:statuteDocumentationIdentifier>
          <premis:statuteDocumentationIdentifierType>uuid</premis:statuteDocumentationIdentifierType>
          <premis:statuteDocumentationIdentifierValue>8a242c42-6754-11ee-8c99-0242ac120002</premis:statuteDocumentationIdentifierValue>
          <premis:statuteDocumentationRole>law</premis:statuteDocumentationRole>
        </premis:statuteDocumentationIdentifier>
        <premis:statuteApplicableDates>
          <premis:startDate>1976-06-12T00:00:00</premis:startDate>
          <premis:endDate>2053-06-12T00:00:00</premis:endDate>
        </premis:statuteApplicableDates>
      </premis:statuteInformation>
    </premis:rightsStatement>
    <premis:rightsStatement>
      <premis:rightsStatementIdentifier>
        <premis:rightsStatementIdentifierType>UUID</premis:rightsStatementIdentifierType>
        <premis:rightsStatementIdentifierValue>0301e38a-351d-11ee-be56-0242ac120002</premis:rightsStatementIdentifierValue>
      </premis:rightsStatementIdentifier>
      <premis:rightsBasis>other</premis:rightsBasis>
      <premis:otherRightsInformation>
        <premis:otherRightsDocumentationIdentifier>
          <premis:otherRightsDocumentationIdentifierType>uuid</premis:otherRightsDocumentationIdentifierType>
          <premis:otherRightsDocumentationIdentifierValue>0e962862-6756-11ee-8c99-0242ac120002</premis:otherRightsDocumentationIdentifierValue>
          <premis:otherRightsDocumentationRole />
        </premis:otherRightsDocumentationIdentifier>
        <premis:otherRightsBasis>security classification</premis:otherRightsBasis>
        <premis:otherRightsApplicableDates>
          <premis:startDate>2007-06-12T00:00:00</premis:startDate>
          <premis:endDate>2083-06-12T00:00:00</premis:endDate>
        </premis:otherRightsApplicableDates>
        <premis:otherRightsNote>EU Restricted</premis:otherRightsNote>
      </premis:otherRightsInformation>
    </premis:rightsStatement>
    <premis:rightsStatement>
      <premis:rightsStatementIdentifier>
        <premis:rightsStatementIdentifierType>UUID</premis:rightsStatementIdentifierType>
        <premis:rightsStatementIdentifierValue>0301e6dc-351d-11ee-be56-0242ac120002</premis:rightsStatementIdentifierValue>
      </premis:rightsStatementIdentifier>
      <premis:rightsBasis>other</premis:rightsBasis>
      <premis:otherRightsInformation>
        <premis:otherRightsDocumentationIdentifier>
          <premis:otherRightsDocumentationIdentifierType></premis:otherRightsDocumentationIdentifierType>
          <premis:otherRightsDocumentationIdentifierValue />
          <premis:otherRightsDocumentationRole />
        </premis:otherRightsDocumentationIdentifier>
        <premis:otherRightsBasis>company specific</premis:otherRightsBasis>
        <premis:otherRightsApplicableDates>
          <premis:startDate>2012-11-05T00:00:00</premis:startDate>
          <premis:endDate>2060-11-04T00:00:00</premis:endDate>
        </premis:otherRightsApplicableDates>
        <premis:otherRightsNote>EU Restricted</premis:otherRightsNote>
      </premis:otherRightsInformation>
    </premis:rightsStatement>
  </premis:rights>
</premis:premis>