﻿<?xml version="1.0" encoding="utf-8"?>
<mets:mets xsi:schemaLocation="http://www.loc.gov/METS/ http://www.loc.gov/standards/mets/mets.xsd http://www.w3.org/1999/xlink http://www.loc.gov/standards/mets/xlink.xsd https://DILCIS.eu/XML/METS/CSIPExtensionMETS https://earkcsip.dilcis.eu/schema/DILCISExtensionMETS.xsd" xmlns:xsi="http://www.w3.org/2001/XMLSchema-instance" xmlns:mets="http://www.loc.gov/METS/" xmlns:csip="https://DILCIS.eu/XML/METS/CSIPExtensionMETS" xmlns:sip="https://DILCIS.eu/XML/METS/SIPExtensionMETS" xmlns:xlink="http://www.w3.org/1999/xlink" OBJID="rep1-derived-product-model" TYPE="OTHER" csip:OTHERTYPE="Product Model Data" csip:CONTENTINFORMATIONTYPE="cits3dpm_v1_0" PROFILE="https://cits3dpm.dilcis.eu/profile/E-ARK-3dpm-REP-v1-0-0.xml">
  <mets:metsHdr CREATEDATE="2023-09-01T13:44:31" LASTMODDATE="2023-09-01T13:44:31" RECORDSTATUS="NEW" csip:OAISPACKAGETYPE="AIP">
    <mets:agent ROLE="CREATOR" TYPE="OTHER" OTHERTYPE="SOFTWARE">
      <mets:name>Penwern Curate</mets:name>
      <mets:note csip:NOTETYPE="SOFTWARE VERSION">0.0.1-alpha</mets:note>
    </mets:agent>
  </mets:metsHdr>
  <mets:amdSec>
    <mets:digiprovMD ID="uuid-1278b3ac-7ca8-11ee-b962-0242ac120002" CREATED="2023-09-01t13:44:31" STATUS="CURRENT">
      <mets:mdRef xlink:href="metadata/preservation/premis3.xml" xlink:type="simple" MDTYPE="PREMIS" LOCTYPE="URL" MIMETYPE="text/xml" SIZE="30217" CREATED="2023-09-04T15:10:47" CHECKSUM=" 16A6A6CDC0C75AABFA404640672A805776159A4E4D70D3EF3DB5971B404B0030" CHECKSUMTYPE="SHA-256" />
    </mets:digiprovMD>
  </mets:amdSec>
  <mets:fileSec ID="uuid-1a1202a7-ebee-4bac-8f8c-dc1278478d54">
    <mets:fileGrp USE="representations" ID="uuid-1f641eca-c8a4-46e6-905f-69420f32dc18">
      <mets:file ID="uuid-d2ea8455-d8ff-49a8-b29c-7a03d9a70b7f" CHECKSUM="f1030ff077fa0ac84462f22c9818d698b1ae44d8f01da25e9b0b2b0e413b502c" CHECKSUMTYPE="SHA-256" MIMETYPE="None" SIZE="40221943" CREATED="2023-09-01T13:31:53">
        <mets:FLocat xlink:href="data\Body Assembly.STEP" LOCTYPE="URL" xlink:type="simple" />
      </mets:file>
      <mets:file ID="uuid-7f8029db-3a1d-46b9-82ab-0b7ff450b201" CHECKSUM="ac47bcc72d0123ec1744bbab5fbb43b9a6b5015b3a80921c8b7fa736cf742a4f" CHECKSUMTYPE="SHA-256" MIMETYPE="None" SIZE="14868183" CREATED="2023-09-01T13:31:53">
        <mets:FLocat xlink:href="data\Corner Steering Assembly.STEP" LOCTYPE="URL" xlink:type="simple" />
      </mets:file>
      <mets:file ID="uuid-8335b18e-e5db-4bc1-9311-913ce2471d0f" CHECKSUM="352e2bc5e045b48ddd4fa83cedd0d6e00d08d864f6d89dc03ea318db874673b4" CHECKSUMTYPE="SHA-256" MIMETYPE="None" SIZE="45131905" CREATED="2023-09-01T13:31:53">
        <mets:FLocat xlink:href="data\Corner Wheel Assembly.STEP" LOCTYPE="URL" xlink:type="simple" />
      </mets:file>
      <mets:file ID="uuid-bedf7004-b7cf-4083-9c73-255ac946ff48" CHECKSUM="cf8c048092e054740a9d1e56868ba16066e4c72606deefda12ca2d743811be84" CHECKSUMTYPE="SHA-256" MIMETYPE="None" SIZE="7688626" CREATED="2023-09-01T13:31:53">
        <mets:FLocat xlink:href="data\Differential Pivot Assembly.STEP" LOCTYPE="URL" xlink:type="simple" />
      </mets:file>
      <mets:file ID="uuid-0ee6c6b5-1640-4987-a0b6-c1a06e246cdb" CHECKSUM="811c74693e2d651c6873134ebafa0822f402bfb7bae4ec8c805b9ab7e33fb9a5" CHECKSUMTYPE="SHA-256" MIMETYPE="None" SIZE="13386866" CREATED="2023-09-01T13:31:53">
        <mets:FLocat xlink:href="data\Head Assembly.STEP" LOCTYPE="URL" xlink:type="simple" />
      </mets:file>
      <mets:file ID="uuid-8118b460-ffad-48ee-824b-6ec7999ad235" CHECKSUM="3e7911b716b11a7fd7b0d9b1533bc145f0dc0c424b7ddd607c200671ec8a74c2" CHECKSUMTYPE="SHA-256" MIMETYPE="None" SIZE="10466749" CREATED="2023-09-01T13:31:53">
        <mets:FLocat xlink:href="data\Rocker-Bogie Assembly.STEP" LOCTYPE="URL" xlink:type="simple" />
      </mets:file>
      <mets:file ID="uuid-c02aa254-4bcf-4f47-9ec5-486d10169231" CHECKSUM="12a83db51939907faf872afb8109794099de92d8b77b5f89542dd333d820884d" CHECKSUMTYPE="SHA-256" MIMETYPE="None" SIZE="38452449" CREATED="2023-09-01T13:31:53">
        <mets:FLocat xlink:href="data\Wheel Assembly.STEP" LOCTYPE="URL" xlink:type="simple" />
      </mets:file>
    </mets:fileGrp>
    <mets:fileGrp ID="uuid-419e601f-fd00-459e-a60e-0fe4a094afd3" USE="Authentication Documentation">
      <mets:file ID="uuid-2c71df69-6c95-459b-8052-093d95f70706" MIMETYPE="text/xml" SIZE="43445212" CREATED="2023-08-15T12:08:15.432+01:00" CHECKSUM="160D71F56C2CE685CE7FBD679076FD76B3C67EE9AB5062F5EF5C99AE39C1F43B" CHECKSUMTYPE="SHA-256">
        <mets:FLocat LOCTYPE="URL" xlink:type="simple" xlink:href="documentation/authentication/validationprops_MARSRover_STEP.xml" xmlns:xlink="http://www.w3.org/1999/xlink" />
      </mets:file>
      <mets:file ID="uuid-250363ba-2dc0-4efb-a5b0-4af930d84d23" MIMETYPE="text/xml" SIZE="31462826" CREATED="2023-08-15T14:44:45.432+01:00" CHECKSUM="0FE9683451D0390BCDEF19CE10CFD287A2D944B6A33D246681FEF27F44FFAF1D" CHECKSUMTYPE="SHA-256">
        <mets:FLocat LOCTYPE="URL" xlink:type="simple" xlink:href="documentation/authentication/validationrep_MARSRover_STEP.xml" xmlns:xlink="http://www.w3.org/1999/xlink" />
      </mets:file>
      <mets:file ID="uuid-bbe54699-5b24-44fc-a2a4-ca3b8fc1b044" MIMETYPE="text/xml" SIZE="222768" CREATED="2023-08-15T14:44:45.432+01:00" CHECKSUM="ab1c2059587ddf489a829edc657ed05802ea1b9d198ce1751db84d807c784920" CHECKSUMTYPE="SHA-256">
        <mets:FLocat LOCTYPE="URL" xlink:type="simple" xlink:href="documentation/authentication/verificationrep_MARSRover_STEP.xml" xmlns:xlink="http://www.w3.org/1999/xlink" />
      </mets:file>
    </mets:fileGrp>
  </mets:fileSec>
  <mets:structMap ID="uuid-285d345a-73f4-40f6-a28b-2c2d89bf363a" TYPE="PHYSICAL" LABEL="CSIP">
    <mets:div ID="uuid-25f7133e-e74f-4354-8ad1-633eecefb9fb" LABEL="rep1-derived-product-model">
      <mets:div ID="uuid-3fa67098-0742-486d-bd7b-56d8a46430dd" LABEL="representations">
        <mets:fptr FILEID="uuid-1f641eca-c8a4-46e6-905f-69420f32dc18" />
      </mets:div>
      <mets:div ID="uuid-1f641eca-c8a4-46e6-905f-69420f32dc18" LABEL="Documentation">
        <mets:div ID="uuid-3e1aa740-309e-4964-9b64-22b4c1c1b281" LABEL="Authentication Documentation">
          <mets:fileptr FILEID="uuid-419e601f-fd00-459e-a60e-0fe4a094afd3" />
        </mets:div>
      </mets:div>
    </mets:div>
  </mets:structMap>
</mets:mets>