﻿<?xml version="1.0" encoding="utf-8"?>
<mets xsi:schemaLocation="http://www.loc.gov/METS/ http://www.loc.gov/standards/mets/mets.xsd http://www.w3.org/1999/xlink http://www.loc.gov/standards/mets/xlink.xsd https://DILCIS.eu/XML/METS/CSIPExtensionMETS https://earkcsip.dilcis.eu/schema/DILCISExtensionMETS.xsd" xmlns:xsi="http://www.w3.org/2001/XMLSchema-instance" xmlns:mets="http://www.loc.gov/METS/" xmlns:csip="https://DILCIS.eu/XML/METS/CSIPExtensionMETS" xmlns:xlink="http://www.w3.org/1999/xlink" xmlns:sip="https://DILCIS.eu/XML/METS/SIPExtensionMETS" OBJID="rep2-original-product-model" LABEL="Mars Rover Information Package" TYPE="OTHER" csip:OTHERTYPE="Product Model Data" csip:CONTENTINFORMATIONTYPE="cits3dpm_v1_0" PROFILE="https://earkcsip.dilcis.eu/profile/E-ARK-3dpm-REP.xml">
  <mets:metsHdr CREATEDATE="2023-09-01T13:44:33" LASTMODDATE="2023-09-01T13:44:33" RECORDSTATUS="NEW" csip:OAISPACKAGETYPE="AIP">
    <agent ROLE="CREATOR" TYPE="OTHER" OTHERTYPE="SOFTWARE">
      <name>Penwern Curate</name>
      <note csip:NOTETYPE="SOFTWARE VERSION">0.0.1-alpha</note>
    </agent>
  </mets:metsHdr>
  <mets:amdSec>
    <mets:digiprovMD ID="uuid-315c82fd-2390-40b5-acdf-8bfa00e8e9c9" CREATED="2023-09-01t13:44:31" STATUS="CURRENT">
      <mets:mdRef xlink:href="metadata/preservation/premis4.xml" xlink:type="simple" MDTYPE="PREMIS" LOCTYPE="URL" MIMETYPE="text/xml" SIZE="30217" CREATED="2023-09-04T15:10:47" CHECKSUM=" 16A6A6CDC0C75AABFA404640672A805776159A4E4D70D3EF3DB5971B404B0030" CHECKSUMTYPE="SHA-256" xmlns:xlink="http://www.w3.org/1999/xlink" />
    </mets:digiprovMD>
  </mets:amdSec>
  <mets:fileSec ID="uuid-3d8db7ba-7cea-4051-b945-50ebb81df385">
    <mets:fileGrp ID="uuid-2ec6d592-ac99-4e08-a41b-ae9665cd9e5e" USE="Authentication Documentation" ADMID="uuid-315c82fd-2390-40b5-acdf-8bfa00e8e9c9">
      <mets:file ID="uuid-04eb7cfc-04a4-48b7-98bb-eacd1d8e8a20" CHECKSUM="19b222eb87047697b410aafbf6b0aba14a9ca23bdc1b012975fce154fa43990f" CHECKSUMTYPE="SHA-256" MIMETYPE="text/xml" SIZE="77952" CREATED="2023-09-01T13:31:54">
        <mets:FLocat LOCTYPE="URL" xlink:type="simple" xlink:href="documentation/authentication/validationprops_MARS Rover_NX.xml" xmlns:xlink="http://www.w3.org/1999/xlink" />
      </mets:file>
      <mets:file ID="uuid-5359daf9-f3c2-4a91-a6cb-2d666627ed1c" CHECKSUM="fb56571eace3a175a5be8c45cedd2000030f1de88789eeb8d99487e2d46d89a1" CHECKSUMTYPE="SHA-256" MIMETYPE="text/xml" SIZE="145361" CREATED="2023-09-01T13:31:54">
        <mets:FLocat LOCTYPE="URL" xlink:type="simple" xlink:href="documentation/authentication/validationrep_MARS Rover_NX.xml" xmlns:xlink="http://www.w3.org/1999/xlink" />
      </mets:file>
      <mets:file ID="uuid-e857d667-84ab-4619-97cc-83579d5d6d4b" CHECKSUM="43533673bfa5e2f97312c5558c69ab6d286d3603bc645596cbc11f1394ca5fe4" CHECKSUMTYPE="SHA-256" MIMETYPE="text/html" SIZE="361444" CREATED="2023-09-01T13:31:54">
        <mets:FLocat LOCTYPE="URL" xlink:type="simple" xlink:href="documentation/authentication/verificationrep_MATS Rover_NX.xml" xmlns:xlink="http://www.w3.org/1999/xlink" />
      </mets:file>
    </mets:fileGrp>
    <mets:fileGrp ID="uuid-c4199ce4-941a-4311-a546-921bd446e121" USE="Other Documentation" ADMID="uuid-315c82fd-2390-40b5-acdf-8bfa00e8e9c9">
      <mets:file ID="uuid-2ec6d592-ac99-4e08-a41b-ae9665cd9e5e" CHECKSUM="c620d411ec95a4cd76c835c6fc15b1a3bc78e94ca08f16f758565f56f0f0f114" CHECKSUMTYPE="SHA-256" MIMETYPE="text/html" SIZE="6167" CREATED="2023-09-01T13:31:54">
        <mets:FLocat LOCTYPE="URL" xlink:type="simple" xlink:href="documentation/other/QAReport_Summary.html" xmlns:xlink="http://www.w3.org/1999/xlink" />
      </mets:file>
      <mets:file ID="uuid-f6a96f74-e9bd-467a-b13d-1101716a6225" CHECKSUM="2e6c700b9c9fb1df8c6754667c5a8b81fead88276daa680a114aaecbe6bf32aa" CHECKSUMTYPE="SHA-256" MIMETYPE="text/html" SIZE="22379" CREATED="2023-09-01T13:31:54">
        <mets:FLocat LOCTYPE="URL" xlink:type="simple" xlink:href="documentation/other/QAReport_Summary_assemblies.html" xmlns:xlink="http://www.w3.org/1999/xlink" />
      </mets:file>
      <mets:file ID="uuid-593576a8-3b02-44ef-b230-e19022ce7e4a" CHECKSUM="b0839ed324aacea687334223bb118682f8e51ce8005a4f15ffe8a93b288fd742" CHECKSUMTYPE="SHA-256" MIMETYPE="text/html" SIZE="84698" CREATED="2023-09-01T13:31:54">
        <mets:FLocat LOCTYPE="URL" xlink:type="simple" xlink:href="documentation/other/QAReport_Summary_parts.html" xmlns:xlink="http://www.w3.org/1999/xlink" />
      </mets:file>
    </mets:fileGrp>
    <mets:fileGrp ID="uuid-7087a4c6-5ab8-4270-8ebe-07337244cd01" USE="Representations" ADMID="uuid-315c82fd-2390-40b5-acdf-8bfa00e8e9c9">
      <mets:file ID="uuid-355a5319-4ced-4523-b4fc-bbc3ef9ee70f" CHECKSUM="c25b3b4db25e688b60fcef1706712fd0cf150d7fb95a9d5dee3c705d14e1f238" CHECKSUMTYPE="SHA-256" MIMETYPE="application/pro_eng" SIZE="73595" CREATED="2023-09-01T13:31:54">
        <mets:FLocat xlink:href="data\SW1020CT-ND_Default---.000.prt" LOCTYPE="URL" xlink:type="simple" />
      </mets:file>
      <mets:file ID="uuid-c1bf010a-e620-4c17-9874-1a41b3adb6f7" CHECKSUM="20543e160888496873baa0cab30e3d0d3be8e1d8b853fb0aa07e0f570b214719" CHECKSUMTYPE="SHA-256" MIMETYPE="application/pro_eng" SIZE="76555" CREATED="2023-09-01T13:31:54">
        <mets:FLocat xlink:href="data\Turnbuckle Eyes_Default---.000.prt" LOCTYPE="URL" xlink:type="simple" />
      </mets:file>
      <mets:file ID="uuid-2752f894-15ed-4b33-82d9-fe3d1432103c" CHECKSUM="430754703eb45d276e6ca779b2981b98660b487b555745c32a7b0874b61ab15f" CHECKSUMTYPE="SHA-256" MIMETYPE="application/pro_eng" SIZE="89246" CREATED="2023-09-01T13:31:54">
        <mets:FLocat xlink:href="data\Turnbuckle screw_Default---.000.prt" LOCTYPE="URL" xlink:type="simple" />
      </mets:file>
      <mets:file ID="uuid-d1109e63-c0ba-4899-b1f9-8a35969068aa" CHECKSUM="df80bf43a84d8d1c22f2ba5cf3dc799ef948f01b6e1c67caec674234e6f6135b" CHECKSUMTYPE="SHA-256" MIMETYPE="application/pro_eng" SIZE="58112" CREATED="2023-09-01T13:31:54">
        <mets:FLocat xlink:href="data\Turnbuckle_Default---.000.prt" LOCTYPE="URL" xlink:type="simple" />
      </mets:file>
      <mets:file ID="uuid-44652b66-efa7-4123-81cd-c8fcee06527c" CHECKSUM="46f3c7f4cf0a9acf59170e57c6dd5e30f4aead5b23cd1b16eee64595fd6874ab" CHECKSUMTYPE="SHA-256" MIMETYPE="application/pro_eng" SIZE="69558" CREATED="2023-09-01T13:31:54">
        <mets:FLocat xlink:href="data\Wheel Assembly_Middle Wheel---.000.prt" LOCTYPE="URL" xlink:type="simple" />
      </mets:file>
      <mets:file ID="uuid-016df4df-6daa-4004-87ee-e8e712fc197d" CHECKSUM="d517cf0f737840bde144fb4a5b034d12174a8a0348036fdeeff4594f3c6658b7" CHECKSUMTYPE="SHA-256" MIMETYPE="application/pro_eng" SIZE="529880" CREATED="2023-09-01T13:31:54">
        <mets:FLocat xlink:href="data\Wheel Rim_Default---.000.prt" LOCTYPE="URL" xlink:type="simple" />
      </mets:file>
      <mets:file ID="uuid-ef8f9fca-ce2c-4e67-a09e-bff87ca91a11" CHECKSUM="12045fc89e6ec52215ede93c44d515a51810041f73fa19c25c5cb0681158f46b" CHECKSUMTYPE="SHA-256" MIMETYPE="application/pro_eng" SIZE="12097494" CREATED="2023-09-01T13:31:54">
        <mets:FLocat xlink:href="data\Wheel Tire_Default---.000.prt" LOCTYPE="URL" xlink:type="simple" />
      </mets:file>
      <mets:file ID="uuid-c512abac-a93a-4bd2-bbf9-d6ef8ec69ffd" CHECKSUM="0adf3f66af055d39a5adf6221e467d915593fd8ac16e7a1ab8c9986d6cc25cd4" CHECKSUMTYPE="SHA-256" MIMETYPE="application/pro_eng" SIZE="57416" CREATED="2023-09-01T13:31:54">
        <mets:FLocat xlink:href="data\Wheel_Default---.000.prt" LOCTYPE="URL" xlink:type="simple" />
      </mets:file>
    </mets:fileGrp>
  </mets:fileSec>
  <mets:structMap ID="uuid-deb5eedb-cbf5-4a1a-bb51-7551838628c2" TYPE="PHYSICAL" LABEL="CSIP">
    <mets:div ID="uuid-81cf12a0-d576-4c2b-9d5c-97cd934fc49a" LABEL="rep2-original-product-model">
      <mets:div ID="uuid-3372f053-655f-4726-ada8-6baeb76f1076" LABEL="Representations">
        <mets:fptr FILEID="uuid-7087a4c6-5ab8-4270-8ebe-07337244cd01" />
      </mets:div>
      <mets:div ID="uuid-3e1aa740-309e-4964-9b64-22b4c1c1b281" LABEL="Documentation">
        <mets:div ID="uuid-1f641eca-c8a4-46e6-905f-69420f32dc18" LABEL="Authentication Documentation">
          <mets:fptr FILEID="uuid-2ec6d592-ac99-4e08-a41b-ae9665cd9e5e" />
        </mets:div>
        <mets:div ID="uuid-cc1c462f-7695-4e76-8e07-c56ef56cc3d7" LABEL="Other Documentation">
          <mets:fptr FILEID="uuid-c4199ce4-941a-4311-a546-921bd446e121" />
        </mets:div>
      </mets:div>
    </mets:div>
  </mets:structMap>
</mets>