﻿<?xml version="1.0" encoding="utf-8"?>
<premis:premis xmlns:premis="http://www.loc.gov/premis/v3" xmlns:xsi="http://www.w3.org/2001/XMLSchema-instance" xsi:schemaLocation="http://www.loc.gov/premis/v3 http://www.loc.gov/standards/premis/v3/premis.xsd" version="3.0">
  <premis:object xsi:type="premis:file" xsi:schemaLocation="http://www.loc.gov/premis/v3 http://www.loc.gov/standards/premis/v3/premis.xsd" version="3.0">
    <premis:objectIdentifier>
      <premis:objectIdentifierType>UUID</premis:objectIdentifierType>
      <premis:objectIdentifierValue>8d3b7959-529d-42e5-adf5-26afa1908f40</premis:objectIdentifierValue>
    </premis:objectIdentifier>
    <premis:objectCategory>file</premis:objectCategory>
    <premis:objectCharacteristics>
      <premis:compositionLevel>0</premis:compositionLevel>
      <premis:fixity>
        <premis:messageDigestAlgorithm>sha256</premis:messageDigestAlgorithm>
        <premis:messageDigest>f1030ff077fa0ac84462f22c9818d698b1ae44d8f01da25e9b0b2b0e413b502c</premis:messageDigest>
      </premis:fixity>
      <premis:size>40221943</premis:size>
      <premis:format>
        <premis:formatDesignation>
          <premis:formatName>Standard for the Exchange of Product model data</premis:formatName>
          <premis:formatVersion />
        </premis:formatDesignation>
        <premis:formatRegistry>
          <premis:formatRegistryName>PRONOM</premis:formatRegistryName>
          <premis:formatRegistryKey>fmt/698</premis:formatRegistryKey>
        </premis:formatRegistry>
      </premis:format>
      <premis:creatingApplication>
        <premis:creatingApplicationName>CATIA</premis:creatingApplicationName>
        <premis:creatingApplicationVersion>vx.x</premis:creatingApplicationVersion>
        <premis:dateCreatedByApplication>2023-08-09</premis:dateCreatedByApplication>
      </premis:creatingApplication>
    </premis:objectCharacteristics>
    <premis:originalName>/data/rep1_STEP/Body Assembly.STEP</premis:originalName>
    <premis:signatureInformation>
      <premis:signature>
        <premis:signatureEncoding>Base64</premis:signatureEncoding>
        <premis:signer>prostep ivip Association</premis:signer>
        <premis:signatureMethod>RSA-SHA1</premis:signatureMethod>
        <premis:signatureValue>juS5RhJ884qoFR
8flVXd/rbrSDVGn
40CapgB7qeQiT
+rr0NekEQ6BHh
UA8dT3+BCTBU
QI0dBjlml9lwzEN
XvS83zRECjzXb
MRTUtVZiPZG2p
qKPnL2YU3A964
5UCjTXU+jgFum
v7k78hieAGDzNc
i+PQ9KRmm//icT
7JaYztgt4=</premis:signatureValue>
        <premis:signatureValidationRules>documentation/authentication/signaturevalidation.pdf</premis:signatureValidationRules>
        <premis:signatureProperties>2021-10-07T00:00:00</premis:signatureProperties>
        <keyInformation>
          <keyName>Mars Rover STEP Key Body Assembly</keyName>
        </keyInformation>
      </premis:signature>
    </premis:signatureInformation>
  </premis:object>
  <premis:object xsi:type="premis:file" xsi:schemaLocation="http://www.loc.gov/premis/v3 http://www.loc.gov/standards/premis/v3/premis.xsd" version="3.0">
    <premis:objectIdentifier>
      <premis:objectIdentifierType>UUID</premis:objectIdentifierType>
      <premis:objectIdentifierValue>58ce7f92-47da-11ee-be56-0242ac120002</premis:objectIdentifierValue>
    </premis:objectIdentifier>
    <premis:objectCategory>file</premis:objectCategory>
    <premis:objectCharacteristics>
      <premis:compositionLevel>0</premis:compositionLevel>
      <premis:fixity>
        <premis:messageDigestAlgorithm>sha256</premis:messageDigestAlgorithm>
        <premis:messageDigest>f1030ff077fa0ac84462f22c9818d698b1ae44d8f01da25e9b0b2b0e413b502c</premis:messageDigest>
      </premis:fixity>
      <premis:size>14520943</premis:size>
      <premis:format>
        <premis:formatDesignation>
          <premis:formatName>Standard for the Exchange of Product model data</premis:formatName>
          <premis:formatVersion />
        </premis:formatDesignation>
        <premis:formatRegistry>
          <premis:formatRegistryName>PRONOM</premis:formatRegistryName>
          <premis:formatRegistryKey>fmt/698</premis:formatRegistryKey>
        </premis:formatRegistry>
      </premis:format>
      <premis:creatingApplication>
        <premis:creatingApplicationName>CATIA</premis:creatingApplicationName>
        <premis:creatingApplicationVersion>vx.x</premis:creatingApplicationVersion>
        <premis:dateCreatedByApplication>2023-08-09</premis:dateCreatedByApplication>
      </premis:creatingApplication>
    </premis:objectCharacteristics>
    <premis:originalName>/data/rep1_STEP/Corner Wheel Assembly.STEP</premis:originalName>
    <premis:signatureInformation>
      <premis:signature>
        <premis:signatureEncoding>Base64</premis:signatureEncoding>
        <premis:signer>prostep ivip Association</premis:signer>
        <premis:signatureMethod>RSA-SHA1</premis:signatureMethod>
        <premis:signatureValue>juS5RhJ884qoFR
8flVXd/rbrSDVGn
40CapgB7qeQiT
+rr0NekEQ6BHh
UA8dT3+BCTBU
QI0dBjlml9lwzEN
XvS83zRECjzXb
MRTUtVZiPZG2p
qKPnL2YU3A964
5UCjTXU+jgFum
v7k78hieAGDzNc
i+PQ9KRmm//icT
7JaYztgt4=</premis:signatureValue>
        <premis:signatureValidationRules>documentation/authentication/signaturevalidation.pdf</premis:signatureValidationRules>
        <premis:signatureProperties>2021-10-07T00:00:00</premis:signatureProperties>
        <keyInformation>
          <keyName>Mars Rover STEP Key Body Assembly</keyName>
        </keyInformation>
      </premis:signature>
    </premis:signatureInformation>
  </premis:object>
  <premis:object xsi:type="premis:file" xsi:schemaLocation="http://www.loc.gov/premis/v3 http://www.loc.gov/standards/premis/v3/premis.xsd" version="3.0">
    <premis:objectIdentifier>
      <premis:objectIdentifierType>UUID</premis:objectIdentifierType>
      <premis:objectIdentifierValue>8c12d7c1-97f5-4502-aca9-536b274ff484</premis:objectIdentifierValue>
    </premis:objectIdentifier>
    <premis:objectCategory>file</premis:objectCategory>
    <premis:objectCharacteristics>
      <premis:compositionLevel>0</premis:compositionLevel>
      <premis:fixity>
        <premis:messageDigestAlgorithm>sha256</premis:messageDigestAlgorithm>
        <premis:messageDigest>cf8c048092e054740a9d1e56868ba16066e4c72606deefda12ca2d743811be84</premis:messageDigest>
      </premis:fixity>
      <premis:size>7688626</premis:size>
      <premis:format>
        <premis:formatDesignation>
          <premis:formatName>Standard for the Exchange of Product model data</premis:formatName>
          <premis:formatVersion />
        </premis:formatDesignation>
        <premis:formatRegistry>
          <premis:formatRegistryName>PRONOM</premis:formatRegistryName>
          <premis:formatRegistryKey>fmt/698</premis:formatRegistryKey>
        </premis:formatRegistry>
      </premis:format>
      <premis:creatingApplication>
        <premis:dateCreatedByApplication>2023-08-09</premis:dateCreatedByApplication>
      </premis:creatingApplication>
    </premis:objectCharacteristics>
    <premis:originalName>/data/rep1_STEP/Differential Pivot Assembly.STEP</premis:originalName>
    <premis:signatureInformation>
      <premis:signature>
        <premis:signatureEncoding>Base64</premis:signatureEncoding>
        <premis:signer>prostep ivip Association</premis:signer>
        <premis:signatureMethod>RSA-SHA1</premis:signatureMethod>
        <premis:signatureValue>juS5RhJ884qoFR
8flVXd/rbrSDVGn
40CapgB7qeQiT
+rr0NekEQ6BHh
UA8dT3+BCTBU
QI0dBjlml9lwzEN
XvS83zRECjzXb
MRTUtVZiPZG2p
qKPnL2YU3A964
5UCjTXU+jgFum
v7k78hieAGDzNc
i+PQ9KRmm//icT
7JaYztgt4=</premis:signatureValue>
        <premis:signatureValidationRules>documentation/authentication/signaturevalidation.pdf</premis:signatureValidationRules>
        <premis:signatureProperties>2021-10-07T00:00:00</premis:signatureProperties>
        <keyInformation>
          <keyName>Mars Rover STEP Key Body Assembly</keyName>
        </keyInformation>
      </premis:signature>
    </premis:signatureInformation>
  </premis:object>
  <premis:object xsi:type="premis:file" xsi:schemaLocation="http://www.loc.gov/premis/v3 http://www.loc.gov/standards/premis/v3/premis.xsd" version="3.0">
    <premis:objectIdentifier>
      <premis:objectIdentifierType>UUID</premis:objectIdentifierType>
      <premis:objectIdentifierValue>3c647990-383e-447c-9c47-1ff2f9e71acb</premis:objectIdentifierValue>
    </premis:objectIdentifier>
    <premis:objectCategory>file</premis:objectCategory>
    <premis:objectCharacteristics>
      <premis:compositionLevel>0</premis:compositionLevel>
      <premis:fixity>
        <premis:messageDigestAlgorithm>sha256</premis:messageDigestAlgorithm>
        <premis:messageDigest>ac47bcc72d0123ec1744bbab5fbb43b9a6b5015b3a80921c8b7fa736cf742a4f</premis:messageDigest>
      </premis:fixity>
      <premis:size>14868183</premis:size>
      <premis:format>
        <premis:formatDesignation>
          <premis:formatName>Standard for the Exchange of Product model data</premis:formatName>
          <premis:formatVersion />
        </premis:formatDesignation>
        <premis:formatRegistry>
          <premis:formatRegistryName>PRONOM</premis:formatRegistryName>
          <premis:formatRegistryKey>fmt/698</premis:formatRegistryKey>
        </premis:formatRegistry>
      </premis:format>
      <premis:creatingApplication>
        <premis:dateCreatedByApplication>2023-08-09</premis:dateCreatedByApplication>
      </premis:creatingApplication>
    </premis:objectCharacteristics>
    <premis:originalName>/data/rep1_STEP/Corner Steering Assembly.STEP</premis:originalName>
    <premis:signatureInformation>
      <premis:signature>
        <premis:signatureEncoding>Base64</premis:signatureEncoding>
        <premis:signer>prostep ivip Association</premis:signer>
        <premis:signatureMethod>RSA-SHA1</premis:signatureMethod>
        <premis:signatureValue>juS5RhJ884qoFR
8flVXd/rbrSDVGn
40CapgB7qeQiT
+rr0NekEQ6BHh
UA8dT3+BCTBU
QI0dBjlml9lwzEN
XvS83zRECjzXb
MRTUtVZiPZG2p
qKPnL2YU3A964
5UCjTXU+jgFum
v7k78hieAGDzNc
i+PQ9KRmm//icT
7JaYztgt4=</premis:signatureValue>
        <premis:signatureValidationRules>documentation/authentication/signaturevalidation.pdf</premis:signatureValidationRules>
        <premis:signatureProperties>2021-10-07T00:00:00</premis:signatureProperties>
        <keyInformation>
          <keyName>Mars Rover STEP Key Body Assembly</keyName>
        </keyInformation>
      </premis:signature>
    </premis:signatureInformation>
  </premis:object>
  <premis:object xsi:type="premis:file" xsi:schemaLocation="http://www.loc.gov/premis/v3 http://www.loc.gov/standards/premis/v3/premis.xsd" version="3.0">
    <premis:objectIdentifier>
      <premis:objectIdentifierType>UUID</premis:objectIdentifierType>
      <premis:objectIdentifierValue>cc1c252b-5911-442c-bff6-d505510ca5fa</premis:objectIdentifierValue>
    </premis:objectIdentifier>
    <premis:objectCategory />
    <premis:objectCharacteristics>
      <premis:compositionLevel>0</premis:compositionLevel>
      <premis:fixity>
        <premis:messageDigestAlgorithm>sha256</premis:messageDigestAlgorithm>
        <premis:messageDigest>811c74693e2d651c6873134ebafa0822f402bfb7bae4ec8c805b9ab7e33fb9a5</premis:messageDigest>
      </premis:fixity>
      <premis:size>13386866</premis:size>
      <premis:format>
        <premis:formatDesignation>
          <premis:formatName>Standard for the Exchange of Product model data</premis:formatName>
          <premis:formatVersion />
        </premis:formatDesignation>
        <premis:formatRegistry>
          <premis:formatRegistryName>PRONOM</premis:formatRegistryName>
          <premis:formatRegistryKey>fmt/698</premis:formatRegistryKey>
        </premis:formatRegistry>
      </premis:format>
      <premis:creatingApplication>
        <premis:dateCreatedByApplication>2023-08-09</premis:dateCreatedByApplication>
      </premis:creatingApplication>
    </premis:objectCharacteristics>
    <premis:originalName>/data/rep1_STEP/Head Assembly.STEP</premis:originalName>
    <premis:signatureInformation>
      <premis:signature>
        <premis:signatureEncoding>Base64</premis:signatureEncoding>
        <premis:signer>prostep ivip Association</premis:signer>
        <premis:signatureMethod>RSA-SHA1</premis:signatureMethod>
        <premis:signatureValue>juS5RhJ884qoFR
8flVXd/rbrSDVGn
40CapgB7qeQiT
+rr0NekEQ6BHh
UA8dT3+BCTBU
QI0dBjlml9lwzEN
XvS83zRECjzXb
MRTUtVZiPZG2p
qKPnL2YU3A964
5UCjTXU+jgFum
v7k78hieAGDzNc
i+PQ9KRmm//icT
7JaYztgt4=</premis:signatureValue>
        <premis:signatureValidationRules>documentation/authentication/signaturevalidation.pdf</premis:signatureValidationRules>
        <premis:signatureProperties>2021-10-07T00:00:00</premis:signatureProperties>
        <keyInformation>
          <keyName>Mars Rover STEP Key Body Assembly</keyName>
        </keyInformation>
      </premis:signature>
    </premis:signatureInformation>
  </premis:object>
  <premis:object xsi:type="premis:file" xsi:schemaLocation="http://www.loc.gov/premis/v3 http://www.loc.gov/standards/premis/v3/premis.xsd" version="3.0">
    <premis:objectIdentifier>
      <premis:objectIdentifierType>UUID</premis:objectIdentifierType>
      <premis:objectIdentifierValue>64242b68-d8bb-49f0-93cb-d3991c53070d</premis:objectIdentifierValue>
    </premis:objectIdentifier>
    <premis:objectCategory>file</premis:objectCategory>
    <premis:objectCharacteristics>
      <premis:compositionLevel>0</premis:compositionLevel>
      <premis:fixity>
        <premis:messageDigestAlgorithm>sha256</premis:messageDigestAlgorithm>
        <premis:messageDigest>3e7911b716b11a7fd7b0d9b1533bc145f0dc0c424b7ddd607c200671ec8a74c2</premis:messageDigest>
      </premis:fixity>
      <premis:size>10466749</premis:size>
      <premis:format>
        <premis:formatDesignation>
          <premis:formatName>Standard for the Exchange of Product model data</premis:formatName>
          <premis:formatVersion />
        </premis:formatDesignation>
        <premis:formatRegistry>
          <premis:formatRegistryName>PRONOM</premis:formatRegistryName>
          <premis:formatRegistryKey>fmt/698</premis:formatRegistryKey>
        </premis:formatRegistry>
      </premis:format>
      <premis:creatingApplication>
        <premis:dateCreatedByApplication>2023-08-09</premis:dateCreatedByApplication>
      </premis:creatingApplication>
    </premis:objectCharacteristics>
    <premis:originalName>/data/rep1_STEP/Rocker-Bogie Assembly.STEP</premis:originalName>
    <premis:signatureInformation>
      <premis:signature>
        <premis:signatureEncoding>Base64</premis:signatureEncoding>
        <premis:signer>prostep ivip Association</premis:signer>
        <premis:signatureMethod>RSA-SHA1</premis:signatureMethod>
        <premis:signatureValue>juS5RhJ884qoFR
8flVXd/rbrSDVGn
40CapgB7qeQiT
+rr0NekEQ6BHh
UA8dT3+BCTBU
QI0dBjlml9lwzEN
XvS83zRECjzXb
MRTUtVZiPZG2p
qKPnL2YU3A964
5UCjTXU+jgFum
v7k78hieAGDzNc
i+PQ9KRmm//icT
7JaYztgt4=</premis:signatureValue>
        <premis:signatureValidationRules>documentation/authentication/signaturevalidation.pdf</premis:signatureValidationRules>
        <premis:signatureProperties>2021-10-07T00:00:00</premis:signatureProperties>
        <keyInformation>
          <keyName>Mars Rover STEP Key Body Assembly</keyName>
        </keyInformation>
      </premis:signature>
    </premis:signatureInformation>
  </premis:object>
  <premis:object xsi:type="premis:file" xsi:schemaLocation="http://www.loc.gov/premis/v3 http://www.loc.gov/standards/premis/v3/premis.xsd" version="3.0">
    <premis:objectIdentifier>
      <premis:objectIdentifierType>UUID</premis:objectIdentifierType>
      <premis:objectIdentifierValue>ddfe0fd3-2372-472c-ade1-25eb08b4f0df</premis:objectIdentifierValue>
    </premis:objectIdentifier>
    <premis:objectCategory>file</premis:objectCategory>
    <premis:objectCharacteristics>
      <premis:compositionLevel>0</premis:compositionLevel>
      <premis:fixity>
        <premis:messageDigestAlgorithm>sha256</premis:messageDigestAlgorithm>
        <premis:messageDigest>12a83db51939907faf872afb8109794099de92d8b77b5f89542dd333d820884d</premis:messageDigest>
      </premis:fixity>
      <premis:size>38452449</premis:size>
      <premis:format>
        <premis:formatDesignation>
          <premis:formatName>Standard for the Exchange of Product model data</premis:formatName>
          <premis:formatVersion />
        </premis:formatDesignation>
        <premis:formatRegistry>
          <premis:formatRegistryName>PRONOM</premis:formatRegistryName>
          <premis:formatRegistryKey>fmt/698</premis:formatRegistryKey>
        </premis:formatRegistry>
      </premis:format>
      <premis:creatingApplication>
        <premis:dateCreatedByApplication>2023-08-09</premis:dateCreatedByApplication>
      </premis:creatingApplication>
    </premis:objectCharacteristics>
    <premis:originalName>/data/rep1_STEP/Wheel Assembly.STEP</premis:originalName>
    <premis:signatureInformation>
      <premis:signature>
        <premis:signatureEncoding>Base64</premis:signatureEncoding>
        <premis:signer>prostep ivip Association</premis:signer>
        <premis:signatureMethod>RSA-SHA1</premis:signatureMethod>
        <premis:signatureValue>juS5RhJ884qoFR
8flVXd/rbrSDVGn
40CapgB7qeQiT
+rr0NekEQ6BHh
UA8dT3+BCTBU
QI0dBjlml9lwzEN
XvS83zRECjzXb
MRTUtVZiPZG2p
qKPnL2YU3A964
5UCjTXU+jgFum
v7k78hieAGDzNc
i+PQ9KRmm//icT
7JaYztgt4=</premis:signatureValue>
        <premis:signatureValidationRules>documentation/authentication/signaturevalidation.pdf</premis:signatureValidationRules>
        <premis:signatureProperties>2021-10-07T00:00:00</premis:signatureProperties>
        <keyInformation>
          <keyName>Mars Rover STEP Key Body Assembly</keyName>
        </keyInformation>
      </premis:signature>
    </premis:signatureInformation>
  </premis:object>
  <premis:event xmlns:premis="http://www.loc.gov/premis/v3" xsi:schemaLocation="http://www.loc.gov/premis/v3 http://www.loc.gov/standards/premis/v3/premis.xsd" version="3.0" xmlns:xsi="http://www.w3.org/2001/XMLSchema-instance">
    <premis:eventIdentifier>
      <premis:eventIdentifierType>UUID</premis:eventIdentifierType>
      <premis:eventIdentifierValue>6516a834-f697-4edc-8ffc-7632b325d6b1</premis:eventIdentifierValue>
    </premis:eventIdentifier>
    <premis:eventType>model creation</premis:eventType>
    <premis:eventDateTime>2023-08-09T10:58:36.038798+00:00</premis:eventDateTime>
    <premis:eventDetailInformation>
      <premis:eventDetail></premis:eventDetail>
    </premis:eventDetailInformation>
    <premis:eventOutcomeInformation>
      <premis:eventOutcome></premis:eventOutcome>
      <premis:eventOutcomeDetail>
        <premis:eventOutcomeDetailNote></premis:eventOutcomeDetailNote>
      </premis:eventOutcomeDetail>
    </premis:eventOutcomeInformation>
    <premis:linkingAgentIdentifier>
      <premis:linkingAgentIdentifierType>uuid</premis:linkingAgentIdentifierType>
      <premis:linkingAgentIdentifierValue>58ce7984-47da-11ee-be56-0242ac120002</premis:linkingAgentIdentifierValue>
    </premis:linkingAgentIdentifier>
    <premis:linkingObjectIdentifier>
      <premis:linkingObjectIdentifierType>uuid</premis:linkingObjectIdentifierType>
      <premis:linkingObjectIdentifierValue>8d3b7959-529d-42e5-adf5-26afa1908f40</premis:linkingObjectIdentifierValue>
    </premis:linkingObjectIdentifier>
  </premis:event>
  <premis:event xsi:schemaLocation="http://www.loc.gov/premis/v3 http://www.loc.gov/standards/premis/v3/premis.xsd" version="3.0">
    <premis:eventIdentifier>
      <premis:eventIdentifierType>UUID</premis:eventIdentifierType>
      <premis:eventIdentifierValue>6516a834-f697-4edc-8ffc-7632b325d6b1</premis:eventIdentifierValue>
    </premis:eventIdentifier>
    <premis:eventType>ingestion</premis:eventType>
    <premis:eventDateTime>2023-08-09T10:58:36.038798+00:00</premis:eventDateTime>
    <premis:eventDetailInformation>
      <premis:eventDetail></premis:eventDetail>
    </premis:eventDetailInformation>
    <premis:eventOutcomeInformation>
      <premis:eventOutcome></premis:eventOutcome>
      <premis:eventOutcomeDetail>
        <premis:eventOutcomeDetailNote></premis:eventOutcomeDetailNote>
      </premis:eventOutcomeDetail>
    </premis:eventOutcomeInformation>
    <premis:linkingAgentIdentifier>
      <premis:linkingAgentIdentifierType>uuid</premis:linkingAgentIdentifierType>
      <premis:linkingAgentIdentifierValue>58ce77ea-47da-11ee-be56-0242ac120002</premis:linkingAgentIdentifierValue>
    </premis:linkingAgentIdentifier>
    <premis:linkingObjectIdentifier>
      <premis:linkingObjectIdentifierType>uuid</premis:linkingObjectIdentifierType>
      <premis:linkingObjectIdentifierValue>8d3b7959-529d-42e5-adf5-26afa1908f40</premis:linkingObjectIdentifierValue>
    </premis:linkingObjectIdentifier>
  </premis:event>
  <premis:event xmlns:premis="http://www.loc.gov/premis/v3" xsi:schemaLocation="http://www.loc.gov/premis/v3 http://www.loc.gov/standards/premis/v3/premis.xsd" version="3.0" xmlns:xsi="http://www.w3.org/2001/XMLSchema-instance">
    <premis:eventIdentifier>
      <premis:eventIdentifierType>UUID</premis:eventIdentifierType>
      <premis:eventIdentifierValue>add61556-b800-4ae8-9ddc-6d5c9ebbae92</premis:eventIdentifierValue>
    </premis:eventIdentifier>
    <premis:eventType>message digest calculation</premis:eventType>
    <premis:eventDateTime>2023-08-09T10:58:37.613593+00:00</premis:eventDateTime>
    <premis:eventDetailInformation>
      <premis:eventDetail>program="python"; module="hashlib.sha256()"</premis:eventDetail>
    </premis:eventDetailInformation>
    <premis:eventOutcomeInformation>
      <premis:eventOutcome></premis:eventOutcome>
      <premis:eventOutcomeDetail>
        <premis:eventOutcomeDetailNote>f1030ff077fa0ac84462f22c9818d698b1ae44d8f01da25e9b0b2b0e413b502c</premis:eventOutcomeDetailNote>
      </premis:eventOutcomeDetail>
    </premis:eventOutcomeInformation>
    <premis:linkingAgentIdentifier>
      <premis:linkingAgentIdentifierType>uuid</premis:linkingAgentIdentifierType>
      <premis:linkingAgentIdentifierValue>58ce77ea-47da-11ee-be56-0242ac120002</premis:linkingAgentIdentifierValue>
    </premis:linkingAgentIdentifier>
    <premis:linkingObjectIdentifier>
      <premis:linkingObjectIdentifierType>uuid</premis:linkingObjectIdentifierType>
      <premis:linkingObjectIdentifierValue>8d3b7959-529d-42e5-adf5-26afa1908f40</premis:linkingObjectIdentifierValue>
    </premis:linkingObjectIdentifier>
  </premis:event>
  <premis:event xmlns:premis="http://www.loc.gov/premis/v3" xsi:schemaLocation="http://www.loc.gov/premis/v3 http://www.loc.gov/standards/premis/v3/premis.xsd" version="3.0" xmlns:xsi="http://www.w3.org/2001/XMLSchema-instance">
    <premis:eventIdentifier>
      <premis:eventIdentifierType>UUID</premis:eventIdentifierType>
      <premis:eventIdentifierValue>6176eeed-6a3d-4a22-9e26-616a10e90db2</premis:eventIdentifierValue>
    </premis:eventIdentifier>
    <premis:eventType>format identification</premis:eventType>
    <premis:eventDateTime>2023-08-09T10:58:41.946619+00:00</premis:eventDateTime>
    <premis:eventDetailInformation>
      <premis:eventDetail>program="pygfried/siegfried"; version="1.10.0"</premis:eventDetail>
    </premis:eventDetailInformation>
    <premis:eventOutcomeInformation>
      <premis:eventOutcome>Positive</premis:eventOutcome>
      <premis:eventOutcomeDetail>
        <premis:eventOutcomeDetailNote>fmt/698</premis:eventOutcomeDetailNote>
      </premis:eventOutcomeDetail>
    </premis:eventOutcomeInformation>
    <premis:linkingAgentIdentifier>
      <premis:linkingAgentIdentifierType>uuid</premis:linkingAgentIdentifierType>
      <premis:linkingAgentIdentifierValue>58ce77ea-47da-11ee-be56-0242ac120002</premis:linkingAgentIdentifierValue>
    </premis:linkingAgentIdentifier>
    <premis:linkingAgentIdentifier>
      <premis:linkingAgentIdentifierType>uuid</premis:linkingAgentIdentifierType>
      <premis:linkingAgentIdentifierValue>8d3b7959-529d-42e5-adf5-26afa1908f40</premis:linkingAgentIdentifierValue>
    </premis:linkingAgentIdentifier>
  </premis:event>
  <premis:event xsi:schemaLocation="http://www.loc.gov/premis/v3 http://www.loc.gov/standards/premis/v3/premis.xsd" version="3.0">
    <premis:eventIdentifier>
      <premis:eventIdentifierType>UUID</premis:eventIdentifierType>
      <premis:eventIdentifierValue>58ce7b14-47da-11ee-be56-0242ac120002</premis:eventIdentifierValue>
    </premis:eventIdentifier>
    <premis:eventType>model validation</premis:eventType>
    <premis:eventDateTime>2023-08-09T10:58:41.946619+00:00</premis:eventDateTime>
    <premis:eventDetailInformation>
      <premis:eventDetail>program="validator"; version="1.10.0"; validation properties rules data = "/documentation/validation/validation_properties_rules_data_MARS Rover_STEP.xml"</premis:eventDetail>
    </premis:eventDetailInformation>
    <premis:eventOutcomeInformation>
      <premis:eventOutcome>passed 1</premis:eventOutcome>
      <premis:eventOutcomeDetail>
        <premis:eventOutcomeDetailNote>validation report = "representtaions/rep1_STEP/documentation/validation/validationrep_MARS Rover_STEP.xml"validation properties = "representations/rep1_STEP/documentation/validation/validationprops_MARS Rover_STEP.xml"</premis:eventOutcomeDetailNote>
      </premis:eventOutcomeDetail>
    </premis:eventOutcomeInformation>
    <premis:linkingAgentIdentifier>
      <premis:linkingAgentIdentifierType>uuid</premis:linkingAgentIdentifierType>
      <premis:linkingAgentIdentifierValue>58ce7c86-47da-11ee-be56-0242ac120002</premis:linkingAgentIdentifierValue>
    </premis:linkingAgentIdentifier>
    <premis:linkingObjectIdentifier>
      <premis:linkingObjectIdentifierType>uuid</premis:linkingObjectIdentifierType>
      <premis:linkingObjectIdentifierValue>8d3b7959-529d-42e5-adf5-26afa1908f40</premis:linkingObjectIdentifierValue>
    </premis:linkingObjectIdentifier>
  </premis:event>
  <premis:event xsi:schemaLocation="http://www.loc.gov/premis/v3 http://www.loc.gov/standards/premis/v3/premis.xsd" version="3.0">
    <premis:eventIdentifier>
      <premis:eventIdentifierType>UUID</premis:eventIdentifierType>
      <premis:eventIdentifierValue>58ce7b14-47da-11ee-be56-0242ac120002</premis:eventIdentifierValue>
    </premis:eventIdentifier>
    <premis:eventType>model verification</premis:eventType>
    <premis:eventDateTime>2023-08-09T10:58:41.946619+00:00</premis:eventDateTime>
    <premis:eventDetailInformation>
      <premis:eventDetail>program="verifier"; version="1.10.0"; verification data quality rules = "/documentation/verification/dataqualityrules_MARS Rover.xml"</premis:eventDetail>
    </premis:eventDetailInformation>
    <premis:eventOutcomeInformation>
      <premis:eventOutcome>passed 1</premis:eventOutcome>
      <premis:eventOutcomeDetail>
        <premis:eventOutcomeDetailNote>verification report = "representations/rep1_STEP/documentation/verification/verificationrep_MARS Rover_STEP.xml"</premis:eventOutcomeDetailNote>
      </premis:eventOutcomeDetail>
    </premis:eventOutcomeInformation>
    <premis:linkingAgentIdentifier>
      <premis:linkingAgentIdentifierType>uuid</premis:linkingAgentIdentifierType>
      <premis:linkingAgentIdentifierValue>58ce7e02-47da-11ee-be56-0242ac120002</premis:linkingAgentIdentifierValue>
    </premis:linkingAgentIdentifier>
    <premis:linkingObjectIdentifier>
      <premis:linkingObjectIdentifierType>uuid</premis:linkingObjectIdentifierType>
      <premis:linkingObjectIdentifierValue>8d3b7959-529d-42e5-adf5-26afa1908f40</premis:linkingObjectIdentifierValue>
    </premis:linkingObjectIdentifier>
  </premis:event>
  <premis:agent xmlns:premis="http://www.loc.gov/premis/v3" xsi:schemaLocation="http://www.loc.gov/premis/v3 http://www.loc.gov/standards/premis/v3/premis.xsd" version="3.0" xmlns:xsi="http://www.w3.org/2001/XMLSchema-instance">
    <premis:agentIdentifier>
      <premis:agentIdentifierType>uuid</premis:agentIdentifierType>
      <premis:agentIdentifierValue>58ce77ea-47da-11ee-be56-0242ac120002</premis:agentIdentifierValue>
    </premis:agentIdentifier>
    <premis:agentName>a3m</premis:agentName>
    <premis:agentType>software</premis:agentType>
  </premis:agent>
  <premis:agent xsi:schemaLocation="http://www.loc.gov/premis/v3 http://www.loc.gov/standards/premis/v3/premis.xsd" version="3.0">
    <premis:agentIdentifier>
      <premis:agentIdentifierType>uuid</premis:agentIdentifierType>
      <premis:agentIdentifierValue>58ce7984-47da-11ee-be56-0242ac120002</premis:agentIdentifierValue>
    </premis:agentIdentifier>
    <premis:agentName>CATIA</premis:agentName>
    <premis:agentType>software</premis:agentType>
  </premis:agent>
  <premis:agent xsi:schemaLocation="http://www.loc.gov/premis/v3 http://www.loc.gov/standards/premis/v3/premis.xsd" version="3.0">
    <premis:agentIdentifier>
      <premis:agentIdentifierType>uuid</premis:agentIdentifierType>
      <premis:agentIdentifierValue>58ce7c86-47da-11ee-be56-0242ac120002</premis:agentIdentifierValue>
    </premis:agentIdentifier>
    <premis:agentName>validator</premis:agentName>
    <premis:agentType>software</premis:agentType>
  </premis:agent>
  <premis:agent xsi:schemaLocation="http://www.loc.gov/premis/v3 http://www.loc.gov/standards/premis/v3/premis.xsd" version="3.0">
    <premis:agentIdentifier>
      <premis:agentIdentifierType>uuid</premis:agentIdentifierType>
      <premis:agentIdentifierValue>58ce7e02-47da-11ee-be56-0242ac120002</premis:agentIdentifierValue>
    </premis:agentIdentifier>
    <premis:agentName>verifier</premis:agentName>
    <premis:agentType>software</premis:agentType>
  </premis:agent>
</premis:premis>