<?xml version="1.0" encoding="UTF-8"?>
<dc
xmlns:xsi="http://www.w3.org/2001/XMLSchema-instance"
xmlns:dc="http://purl.org/dc/elements/1.1/" 
xmlns:dcterms="http://purl.org/dc/terms/"
xmlns:dcmitype="http://purl.org/dc/dcmitype/"
xsi:schemaLocation="https://www.dublincore.org/schemas/xmls/qdc/2003/04/02/dc.xsd https://www.dublincore.org/schemas/xmls/qdc/2003/04/02/dcterms.xsd https://www.dublincore.org/schemas/xmls/qdc/2003/04/02/dcmitype.xsd">

<dc:title>
	<dcterms:title>Mars Rover Open Model for Colaboration</dcterms:title>
	<dcterms:alternative>Opportunity</dcterms:alternative>
</dc:title>
<dc:creator>NASA Jet Propulsion Laboratory</dc:creator>
<dc:subject>Collaborative CAD Model</dc:subject>
<dc:description>
	<dcterms:description>
A number of remote-controlled probes and vehicles were sent into outer space with the aim of exploring the Red
Planet, of which Opportunity was probably the best known. Launched in 2004 with a projected life of six months, it
provided amazing images and data from Mars over a period of 15 years. NASA's Jet Propulsion Laboratory
(JPL) used these images and data to publish the model of a build-it-yourself Mars Rover in summer 2018. The
model's basic data (mechanics, electrics/electronics, software) is open source and thus freely available in the
Internet . It is ideally suited to serve as a demonstrator for the prostep ivip Association because:
The Mars Rover is a complex product with mechanical components, intelligent software-based control,
electrics and electronics
It involves different engineering sciences and, with its outstanding maneuverability and autonomous driving
behavior under challenging environmental conditions, brings together concepts from the automotive
and aerospace industries
As an unmanned vehicle, it is perceived by the public as technologically advanced and offers a high level
of practical relevance
The Mars Rover is a complete product that is suitable for demonstrating the end-to-end digitalization of
product and process-related information throughout the entire lifecycle. This enables the Association to
demonstrate the relevance of its results for the industrial sector, in particular through the use of IT standards, with the aim of making it possible to experience seamless virtual product creation.

Part version if known

Part status if known

Model version if known

	</dcterms:description>
	<dcterms:abstract>Data set for Collaboration</dcterms:abstract>
</dc:description>
<dc:publisher>prostep ivip Association</dc:publisher>
<dc:contributor>LOTAR Metadata Group</dc:contributor>
<dc:date>
	<dcterms:dateavailable>part released date</dcterms:dateavailable>
	<dcterms:datesubmitted>2023-08-30T12:00:00</dcterms:datesubmitted>
</dc:date>
<dc:type>dataset</dc:type>
<dc:format>file</dc:format>
<dc:identifier>uuid-2fd3bd71-279e-4f61-9685-aa6b90a9ffb3</dc:identifier>
<dc:source>Part Identifier</dc:source>
<dc:language>eng</dc:language>
<dc:relation>
	<dcterms:isPartOf>no parent model</dcterms:isPartOf>
	<dcterms:requires>no child part models</dcterms:requires>
	<dcterms:replaces>previous version of model by URI or UUID</dcterms:replaces>
	<dcterms:relation>version of the model</dcterms:relation>
</dc:relation>
<dc:rights>
	<dcterms:rightsHolder>prostep ivip Association</dcterms:rightsHolder>
	<dcterms:license>url or uri for legal document</dcterms:license>
	<dcterms:accessRights>security classification</dcterms:accessRights>
	<dcterms:accessRights>export control</dcterms:accessRights>
	<dcterms:accessRights>company specific</dcterms:accessRights>	
	<dcterms:accessRights>personal information approvals</dcterms:accessRights>
</dc:rights>
</dc>

